Model,Accuracy,F1-Score,Inference Time (ms),Parameter Count (M),TOPSIS Score,Rank
BERT,0.91,0.9,120,110,0.32208495132106807,4.0
RoBERTa,0.93,0.92,140,125,0.1173527910973313,5.0
XLNet,0.89,0.88,110,120,0.3316645538898008,3.0
ALBERT,0.87,0.86,100,95,0.5985430830656423,2.0
DistilBERT,0.9,0.89,90,66,0.9377948158007343,1.0
